stimuli,prime
101.wav,key
102.wav,key
103.wav,key
104.wav,key
105.wav,key
106.wav,key
107.wav,key
108.wav,key
109.wav,key
110.wav,key
111.wav,key
112.wav,key
113.wav,key
114.wav,key
115.wav,key
116.wav,key
117.wav,key
118.wav,key
119.wav,key
120.wav,key
121.wav,key
101.wav,who
102.wav,who
103.wav,who
104.wav,who
105.wav,who
106.wav,who
107.wav,who
108.wav,who
109.wav,who
110.wav,who
111.wav,who
112.wav,who
113.wav,who
114.wav,who
115.wav,who
116.wav,who
117.wav,who
118.wav,who
119.wav,who
120.wav,who
121.wav,who
101.wav,sea
102.wav,sea
103.wav,sea
104.wav,sea
105.wav,sea
106.wav,sea
107.wav,sea
108.wav,sea
109.wav,sea
110.wav,sea
111.wav,sea
112.wav,sea
113.wav,sea
114.wav,sea
115.wav,sea
116.wav,sea
117.wav,sea
118.wav,sea
119.wav,sea
120.wav,sea
121.wav,sea
101.wav,sue
102.wav,sue
103.wav,sue
104.wav,sue
105.wav,sue
106.wav,sue
107.wav,sue
108.wav,sue
109.wav,sue
110.wav,sue
111.wav,sue
112.wav,sue
113.wav,sue
114.wav,sue
115.wav,sue
116.wav,sue
117.wav,sue
118.wav,sue
119.wav,sue
120.wav,sue
121.wav,sue
